Adelardo santos ca畸ellas, 56535091X
Eusebia laguna rueda, 10073945Z
Herminia ramirez, 78875729N
Eugenio fabregat-cid, 14284483B
Virginia martinez iniesta, 70376507A
Jimena bravo montes, 52339461V
Alejandro mulet, 50405629W
Ester pe畸a roman, 21390259Y
Juan carlos rodr琦guez chaparro, 28259925D
Manuela paredes-fuente, 64923374D
Josefa navarro mir碁, 72960308F
Fabi朞n alejo iglesia alfaro, 24360150E
Estrella mendiz朞bal sobrino, 70207955H
Santos manzanares ca畸ete, 54904556Z
Santiago pineda manzano, 45768412E
Montserrat avil汽s becerra, 63137431Q
Anna padilla pi畸eiro, 68432409A
Gervasio no汽 zaragoza mateu, 62443651P
Hernando padilla hierro, 24130897X
Mar琦a fernanda galv朞n-pujadas, 91657829T
Mar琦a carmen mar琦 clemente, 21792523T
Jos汽 del bosch, 17322032L
Marcos diez arag碁n, 22559594K
Bernardino cueto prats, 89243760B
Delfina salas cort汽s, 52772476B
Olivia mosquera, 87882887W
Prudencio benito somoza, 63034022S
Geraldo del lerma, 46155278M
Andr汽s jes紀s vi畸a guillen, 19852578J
Benjam琦n del anglada, 21470717X
Judith estefan琦a amador gomez, 14185267V
Charo de navarrete, 60885042V
Basilio villa zamorano, 82202463A
Ib朞n briones sancho, 67541687W
Dimas beltr朞n cordero, 98329934N
Caridad ema juan serna, 72323947X
Virginia verdejo c碁zar, 71155377R
Norberto portillo tolosa, 33281488M
Pelayo rico zapata, 41819707A
Magdalena escriv朞, 99615219B
P朞nfilo ruiz gallego, 17843730P
Yolanda luz huertas, 32285421E
Zacar琦as vendrell-azcona, 96466992R
Sabina echeverr琦a polo, 31206745T
Apolonia rosell碁 hervia, 27786575E
Maximiliano calleja, 45117941Z
Guiomar escolano salda畸a, 96495647K
Viviana coll juli朞, 29701111S
Olimpia briones sarabia, 80899936N
Agapito del portillo, 52579161B
Eustaquio del cerd朞n, 61345979B
Gabriela urrutia pedro, 41750924J
Che lucio gordillo baeza, 93153491H
W朞lter am汽rico rodrigo ferreras, 90085732E
Juan luis colomer abell朞n, 84961378E
Felicidad castro cuesta, 45120215B
Natalia reyes 朞vila morata, 76635288R
Mar琦a fernanda quero ortu畸o, 71027212S
Mat琦as villar, 89765204E
Aitor agust琦 tejera, 79440015Q
Aristides de mate, 36356355W
Albino kike garriga alcal朞, 26440596A
Remigio gelabert carnero, 96290500B
Sim碁n blanca jover, 47368468Z
Bel汽n gutierrez segarra, 62852746W
Dami朞n zamora molina, 73286070C
Dominga olivares blanco, 43907330P
Sol mora carpio, 30249153J
Felisa adora cort汽s paniagua, 86670167A
Leoncio bartolom汽 jim汽nez, 45981882Y
Jord朞n pou-rios, 78127910S
Paloma neira v朞zquez, 45222637Z
Haroldo goicoechea tejera, 58488901Q
Amor cort汽s valbuena, 60054058T
Candelaria salda畸a bustamante, 92103243L
Rafaela tomas, 15837671D
Adalberto pardo valenzuela, 35952385G
Reina neira abril, 61750495A
Amador leocadio sainz donaire, 87597240S
Vito conesa ramis, 79141410C
Nicodemo del molina, 49950821L
Juan pablo luz-gracia, 31063178E
Cintia calvo-vendrell, 63319953X
An琦bal arag碁n pi畸eiro, 36738736P
Baldomero vega navarrete, 57768955Q
Ambrosio egea-palmer, 83284023B
Mar琦a jes紀s de guill汽n, 71683318T
B朞rbara granados, 23707711R
Cristian de silva, 89560793N
Remedios i畸iguez beltr朞n, 82640561C
Juan bautista jaume luque, 32462557N
치gueda de torralba, 22039146V
Coral elisabet vila ca畸izares, 96408800E
Febe duran campos, 67383924L
Y汽ssica bienvenida pi畸a moreno, 56043237B
Dan aguil碁 blanco, 94822465C
Sabas trujillo, 66898695K
Sergio larrea villegas, 88781872D
Juan bautista arrieta, 95632448N
Emma del bermejo, 91042258R
치ngel t汽llez burgos, 93457107B
Tere f朞bregas r琦os, 61911925L
Jos汽 m汽ndez-huguet, 81825841Y
Claudio blasco esteban, 51518805R
Emperatriz jara roca, 60688216W
Dorotea del espada, 61113896K
Fabiola rocamora, 72606038Y
Mar琦a luisa sosa tamarit, 80787647D
Raquel llobet coll, 72440117F
Timoteo danilo ochoa torrent, 37217761N
Juliana arias albero, 11456911J
Donato estevez granados, 48829579G
Vinicio gordillo cano, 25391097V
Milagros c朞ceres losa, 16002755E
Bel汽n ricarda quesada prats, 48225462M
Salvador pozo valencia, 18358422Y
Jovita florentina pons montserrat, 75087779R
Lourdes rocamora-segarra, 59705583K
N汽lida fajardo 朞lvaro, 85011943X
An琦bal rom朞n pelayo, 16181357Y
Adoraci碁n casanovas, 88543674E
Ana sof琦a valent琦n monta畸a, 74637776Q
Mar琦a pilar soria, 71555203H
Fabi朞n botella pol, 65737918P
Jose ram碁n sanchez conde, 19673431J
Che agullo casado, 59299474T
Albina angelita luna nicol朞s, 14346107H
Armida cazorla aguirre, 82673265H
Eugenio conesa camps, 42210836V
Jos汽 luis alba soto, 91939816F
Gisela de segovia, 22117303C
Susanita c朞mara flores, 52425859G
Che barba, 28677213P
Tito canals ferrera, 73726077Z
Juan antonio barcel碁 cabrera, 47529145J
Octavia alegria gordillo, 23801906B
Victor pizarro-ferr朞ndez, 93428530T
Natividad pedraza arteaga, 69517074B
Herminio calixto prada azorin, 30698955G
Melisa s朞ez pe畸as, 22560599Z
Melisa miranda, 97120100R
Raquel conde acero, 39801139F
Obdulia castells, 40453908J
Aurelio feijoo, 61977923F
Gilberto cuervo llamas, 58409133N
Alicia atienza amo, 73241978L
Filomena j碁dar marcos, 48233122Y
Odalys del lago, 63988868Q
Herminio pav碁n guijarro, 87271621F
Almudena sacrist朞n osuna, 49880287A
Manuel n汽stor peral donoso, 17100029N
Elba mendoza, 25553757K
Nico portero, 40615897J
Angelino lucas vazquez aragon汽s, 30171995C
Mar del c碁zar, 90953536J
Adelina iglesias ballesteros, 68030230W
Silvestre neira trujillo, 89744151Z
Apolinar de prada, 94570465P
Octavia clara borja falc碁n, 22975134C
Alfredo tormo roig, 20886161E
Camilo primitivo ayuso abad, 35660955F
Nilo ropero caballero, 12009342F
M碁nica lorena guill汽n guerrero, 15453362F
Berta de cid, 93521166S
Joaquina de corbacho, 85588658T
Toribio mill朞n, 46027403X
Adelardo cuenca bernat, 83665211C
Apolonia blanco rubio, 66204350T
Pl朞cido pujadas boix, 26106637G
Crist碁bal gal朞n donaire, 67882264H
Baldomero gallardo, 68298726L
Jennifer sandra acu畸a barros, 11846089P
Alejo mesa garmendia, 52633410A
Adri朞n de arnau, 80633578V
Eufemia gallardo llad碁, 16293305J
Severo el琦as marco barba, 40478397F
Reyes de aguilar, 97254187K
Macaria escobar escalona, 67242471Q
Eligio alemany figuerola, 38942333K
Javier juli朞n fabregat bernal, 43725556A
Piedad merche jove carbajo, 73594110K
Teodosio nico ayuso bartolom汽, 29086093V
Juanito sanmart琦n, 18832574J
Fabiola aguilera ad朞n, 26555688A
Emiliano burgos pacheco, 21555654P
Odalis manrique aguirre, 47493273K
Bartolom汽 torres, 45508222P
P琦a borja peralta, 86812306W
Custodia segovia-miralles, 67711676K
Francisco castell lloret, 52765720V
Fabio onofre alcaraz zamorano, 29509700X
Eutropio ochoa bayona, 99215890P
Maximiliano vila rosell, 14022903X
Jaime carrillo sedano, 52260204H
Leocadia jara cerd朞, 78696594R
Osvaldo omar mel汽ndez bola畸os, 89626474M
Carmela de soto, 51114426P
Bernab汽 valero pascual, 91721538E
An琦bal moreno granados, 81377050Z
Jose antonio calder碁n molins, 95614672S
Prudencio agust琦-rubio, 65824254W
Fernando rodr琦guez pedro, 44769851Y
Onofre tomas tejedor, 80573438E
Pascuala giner valenciano, 66140943G
Teodoro pastor fern朞ndez sol汽, 73154240A
Joan esparza botella, 64650531S
F朞tima vizca琦no villalobos, 93975691Z
Loreto espa畸a pol, 79260255R
Saturnino aguado almaz朞n, 60587187N
Benjam琦n fausto agullo arias, 13986752S
Florencia rebeca blanco rojas, 60085940G
Graciano rafael llanos escolano, 56829330X
Samuel marcos-crespo, 98076265X
Tomasa zabaleta flores, 19233111M
Jose ram碁n blanch zamora, 13370269R
Ciriaco arnaiz tena, 14896395P
Bego畸a azucena ferr朞n malo, 91204305J
C汽sar jove tenorio, 45813901V
Febe luna, 88230481C
Merche d琦ez roldan, 37887087S
Modesta cal, 23988339Y
Adalberto higueras pina, 53842037A
Jenny escudero mel汽ndez, 34083041P
Melania jord朞n gallart, 53178117R
Nando berm紀dez-s朞ez, 88232815P
Duilio cabo-campos, 21347155G
Anacleto pelayo-manzano, 97751343D
Prudencia de vera, 40799146K
Alejo cu汽llar ur琦a, 79300938C
Ignacia exp碁sito donaire, 78366688F
Juana mamen pi畸ol silva, 86451989A
Cecilio pastor s朞enz, 79614169Z
Ignacio juli朞n manj碁n, 82185377Y
Felipe llabr汽s infante, 11681552J
Luz pulido mar琦, 88286633Y
Elo琦sa viviana pina ribera, 96352659R
Bernarda francisca romeu daza, 81109973J
Ana arco samper, 23443533R
Julie lorenzo amo, 27991838X
Ezequiel rios milla, 75510570Y
Teodosio j碁dar barrios, 66568927G
Marcela pi畸eiro-moraleda, 65201862J
Celestino amador valenciano, 70978332X
Victor valera sarmiento, 15567946M
Elpidio muro ni畸o, 51593850C
Olimpia alcaraz, 59220401R
Marcela gallo villalobos, 16230631Z
Isidora evita prieto tovar, 42899683Z
Encarnita balaguer uribe, 32844589Z
Emilia estevez-carpio, 14302982H
Angelita graciana sim碁 benavides, 84445930G
Violeta salda畸a, 77141993Q
Espiridi碁n del barros, 33654886K
Cebri朞n iglesia zorrilla, 81667189P
Julio c汽sar sabater campo, 13956414Z
Iv朞n jaime morell cort汽s, 89883599J
Arturo gomila espejo, 67562011V
Lucio larrea juan, 47947744N
Chelo reyna quintana collado, 67931256C
Marisa prats santamaria, 46740895L
Chuy muro lago, 39185970L
Rub汽n te碁filo blasco castilla, 41628548C
Gregorio del roma, 36955892K
Gil burgos-cazorla, 93309551T
Odalys godoy gal朞n, 84494497H
Eufemia del mascar碁, 25216172F
Elo琦sa gallego-arco, 10819897F
Felix ja汽n su朞rez, 45930435X
Montserrat valls andres, 39545360B
Rico cantero duque, 29348812F
Primitivo del segura, 21489717N
Paulina go畸i palma, 79821170S
Jos汽 llorente jord朞n, 48485478Y
Isidoro mayoral, 51723218J
Mar琦a plinio torrecilla salinas, 64993498Y
Manuelita garc琦a llopis, 70678362Y
Rufina benito nebot, 22611693W
Bienvenida sabater-nevado, 64861700K
Gil ros cantero, 79966199Y
Feliciano j碁dar martinez, 63700353J
Jose ignacio pav碁n-ramirez, 41112637E
Silvia casares coello, 42037298Z
Salvador falc碁n-oliv汽, 83218263P
Eufemia ribera-amador, 91010280Q
Miguel 朞ngel del malo, 15841069A
Zaira orozco serra, 91591072N
Juan francisco escamilla torrent, 28236926X
Guillermo almansa-nadal, 12597074C
Maribel de ramos, 24898985J
Carla cabeza mir, 43381522A
Pl朞cido garcia barber朞, 65550693A
Lu琦s sancho sevillano, 94089700N
Mois汽s casas palomino, 68764512D
Tecla ballester acevedo, 97792465F
Salvador lino p朞ez rodriguez, 37831245V
Felipe arnal-llamas, 42706877V
Alba manuel garriga, 90607161H
Mart琦n jos汽 mari c朞novas rueda, 79535404R
B朞rbara pinilla agust琦, 93801777A
P琦a madrid lobato, 90679343A
Rosendo zapata ripoll, 43102443Y
치frica puga herranz, 85117156K
칰rsula herv朞s, 84674119X
Bel汽n carballo pizarro, 69193946X
Tatiana mar琦a fernanda caparr碁s revilla, 25546709B
Tatiana olmo amor碁s, 16259831G
Saturnina francisco jover, 62582944J
Rosal琦a ben琦tez vilalta, 37841456Q
Nazaret garz碁n cardona, 31894549N
Demetrio bonet marqu汽s, 40774831V
Alejandro alc朞zar blanca, 73095736B
Ovidio erasmo go畸i perez, 11319753G
Mohamed de galindo, 25409361L
Amancio campillo falc碁, 92296306C
Felipa villegas, 66192089K
Felipe casals gasc碁n, 85168281V
Bernardita guijarro campillo, 45150243R
Amor fiol luj朞n, 58407459V
Montserrat guardiola torrents, 77052750J
Ismael puig mancebo, 81017706E
Lourdes oliv汽 carlos, 79998839D
Petrona iglesias santana, 85424767F
Angelita armengol font, 49973930J
Dafne acero torre, 89142785Y
Quique serra lucas, 70841096S
Hector espa畸a-zurita, 58466935S
Mat琦as ribera palma, 70480428X
Carla mireia bilbao milla, 57807603R
Abilio amores-lobato, 15213486K
Atilio barrios bello, 65997025C
Armando font saavedra, 42317118Q
Renata prats puga, 76334284K
Ariel vallejo salmer碁n, 72434297Y
Noem琦 portero portero, 24642931H
Crescencia escamilla carpio, 84425928N
Eliana go畸i catal朞n, 55950880E
Hilario alarc碁n-ferr朞ndez, 69442128E
Alfredo barroso calvo, 88078052N
Buenaventura blasco tejero, 30504407J
Lupe andreu, 41790032K
Asdrubal am琦lcar guardia valle, 33919887Q
Fernanda florina casanovas zabaleta, 79991910A
Berta de arana, 89091320S
Guadalupe del francisco, 12195056L
Olegario rinc碁n gilabert, 75093225L
Jos汽 mar琦a aznar-morell, 19188943C
Edelmira g碁mez-gaya, 93991157R
Joel morante bautista, 40152767B
Sara m紀畸iz murcia, 93001004K
Moreno macias galindo, 23526097H
Obdulia armida cu汽llar tom朞s, 45333926Y
Teresita salmer碁n, 86704146B
Emigdio sans alberdi, 44429166C
Primitivo porta morante, 53165677G
Maxi de quintana, 38237645F
Alfredo evaristo salazar reig, 28442430D
Maricela pino garay, 25145990K
Cruz mill朞n sala, 49792922S
Isa de palomo, 51166642Z
Alfonso julio c汽sar reyes gordillo, 50980038D
Ruperta arana, 66711368Y
Lidia rey montoya, 23865593B
Jos汽 mari castilla casal, 10323415A
Santiago lillo luz, 16380816D
Adelardo escribano rius, 63632716L
Gabriel sol琦s amor, 47301479R
Belen enr琦quez vilalta, 36221540J
Josefina monreal baeza, 43230118P
Carmela 朞ngel sanjuan, 30789203T
Francisco jose fuentes raya, 62038491Q
Goyo jer碁nimo sevilla alvarado, 70044789Z
Eladio tena palau, 57133157F
치frica herrera pombo, 62899928B
Berto bautista comas, 74538504N
Asdrubal cabanillas cabrera, 62014445M
Rub汽n de alcaraz, 55653929R
Curro toledo losada, 24775272V
Silvia cobos sancho, 26300905Z
Cesar baeza olivera, 16877710B
Esther ram碁n iglesia, 53919769H
Rolando de 朞ngel, 16253200C
Jes紀s mercader pino, 45786033W
L朞zaro rivera lillo, 59932989A
El琦as del santamaria, 65529434L
Ana sof琦a 朞frica perales rocha, 14900890H
Narciso goicoechea romeu, 30575007A
Amparo gallego alonso, 35773641Q
Cruz ramis requena, 88057922F
Jenaro castells, 88580862L
Che gonzalez estrada, 40670645K
Mohamed calatayud poza, 50946709F
Florina ropero-casal, 57719144T
Tito de pe畸as, 52999614R
Nydia mar琦a luisa iborra agust琦, 26772312J
Juanito viana espinosa, 52878589W
Ignacia benavides-espada, 14793926G
Angelita mateu recio, 66919745A
Carmen anguita, 52883209E
Emilio palau company, 75451880N
Jos汽 朞ngel montesinos-bosch, 41947122K
Quique sosa casares, 42976265Y
P朞nfilo reyes fabregat, 88173580K
Ainara s朞ez-fabra, 57503810S
Leonor alberdi ledesma, 62213444P
Natalia mar琦n cazorla, 18321811B
Elisa maza villa, 97332322W
Pl朞cido prado boada, 32578810T
Tadeo carb碁 benavides, 25365737A
Renato castrillo robledo, 57581174F
Valerio sedano martinez, 59398545X
Ezequiel marin roman, 75621002S
Morena bonilla villalba, 11397186L
Am汽rico amor碁s-suarez, 50979066A
Rosal琦a malo, 95517412E
Dorotea del santamar琦a, 63585194S
Amado ojeda iriarte, 64849360D
Curro lasa pallar氣s, 60615736H
Alejo quintana-riera, 81325536C
Petrona de lobato, 70048994X
Jord朞n roig guerra, 56704231P
Ale sim碁, 39036059E
Guillermo sales, 91654279S
Trist朞n borja codina, 80293000T
Trist朞n perez cardona, 62433492S
Malena de ant碁n, 35279080R
Lupita bastida arnal, 69098693T
Bernardino del gomila, 77264612E
Jesusa mu畸oz-agullo, 32933341D
Cornelio trillo canales, 56589986G
Coral mayol lloret, 60425275C
Vencesl朞s mur pareja, 94076254K
Albano lillo, 80497322J
Valerio baena-redondo, 72754706W
Gisela manu rico dom汽nech, 26795846H
Teo bautista vaquero, 30731208B
Maristela leal-campoy, 86824204D
Pac琦fica crespi gimenez, 19535982N
Teo carretero, 10676686V
Gisela estevez carbajo, 64966890D
Aurelio de mill朞n, 56760345W
Eugenia carb碁 segovia, 36507695W
Fito borrego yuste, 28091596V
Obdulia recio barranco, 38018947Q
Severo figueroa serra, 96185647S
Carla micaela lago sastre, 74708807T
Marisa esther tejera bello, 22686134S
Adri朞n cueto-moliner, 13187039N
Maximiliano de santos, 50671111H
Isidoro de feijoo, 34239737M
Marisol boix mayoral, 63190625B
Leandro palomino-le碁n, 58798977Y
Mar琦a del carmen nogueira 朞lvarez, 84302970N
Anacleto llorente santamar琦a, 66143943Z
Iris de fabra, 26119962N
Edmundo arnal-pacheco, 91955050S
Vinicio bautista alc朞ntara, 87115237T
Pepita pedraza, 60766681Z
Rosendo solsona-escobar, 99974784V
Isa琦as villena, 89542695S
Bernardita nicolasa iriarte prado, 93542988X
Santos vilaplana, 31324658S
Salom汽 maza ca畸ete, 62773001K
Antonio estrada palomino, 89400631E
Pastora palacios figuerola, 95695821C
Chus rossell碁, 84696514A
Rolando ni畸o teruel, 77361786K
Jacinto segu琦, 58404805P
Juan jos汽 bueno-alarc碁n, 91456368L
Te碁fila dionisia ramis garrido, 81538169H
V琦ctor jord朞n bad琦a amig碁, 87519755V
Fernanda de paredes, 99610306C
Tere valverde grau, 17287853H
Vicenta ramona valderrama c汽spedes, 36243136N
Juanito bosch catal朞n, 63539131K
Vito c朞ceres, 68183276Y
Espiridi碁n alcolea, 98586623K
Te碁fila mar pomares abril, 90313370Y
Jerem琦as de carlos, 29009417T
Mar琦a luisa tudela franch, 48075037T
David del ribes, 43809150S
B朞rbara m紀畸iz, 37761617X
Aura pera chamorro, 81922843V
Evelia gomis huerta, 89430223J
Margarita izquierdo bola畸os, 46430688J
Amor ruiz camacho, 31391397P
Primitiva mart琦, 60568596M
Rosal琦a garz碁n delgado, 44054858Z
Abril su朞rez-rosell, 52651185E
Jordi rico madrid, 30961582V
Benita benavente madrigal, 12736167D
Eugenio huguet heras, 24322696N
Faustino zapata, 47121153H
Marisa cases macias, 33266296Q
Noelia s朞ez mosquera, 73539542D
Julio c汽sar de bernad, 22094078W
Diego paniagua silva, 84450336V
Juanita sol琦s carnero, 79115636Y
Alberto fabricio gomila cerd朞n, 77478935P
Soraya de priego, 47935319F
Lisandro jos汽 luis mur rom朞n, 60697165G
Julio baena-m琦nguez, 69868550R
Samanta castillo llorente, 33405679L
Anastasio de barros, 78482130N
Nydia del m紀畸iz, 59070520B
Mariano cerd朞n almagro, 66097874Z
Lara carnero almeida, 35870746S
Mauricio g朞rate, 19609644M
Y汽ssica porras aranda, 59524616H
Alicia cobo berm紀dez, 87931607P
Curro barreda galvez, 18278673K
Liliana marin ja汽n, 50778983C
Carmela montserrat aranda, 77613485P
Visitaci碁n tudela villaverde, 69385417Y
Carlota agust琦 asenjo, 17738854N
Amelia pedraza uribe, 15591404A
Flor solera gonzalo, 49450771N
Primitiva carbonell, 65385458T
Evaristo pareja ojeda, 56544774X
Modesto leoncio abad ram琦rez, 45115152P
Jos汽 luis hern朞ndez, 73104131B
Ulises de ribas, 45478798R
Hip碁lito santos herranz salmer碁n, 51782332V
Te碁fila laguna palmer, 24279578L
Teresita del tom汽, 67536398A
Rub汽n de go畸i, 96608266D
Corona casanovas conde, 95021784K
Macarena azahar arag碁n atienza, 55790356S
Roque montalb朞n martorell, 94210576T
Jose miguel l朞zaro font plaza, 85337047D
Martina emma t汽llez pineda, 75565467W
Ricarda corominas marti, 87267711F
Tania 朞lamo somoza, 87402090C
Juan carlos del porras, 46272546L
Sancho de galindo, 17016268V
M碁nica bibiana mart琦 esparza, 78669043G
Lope ortu畸o padilla, 98920058W
Cintia carpio santamaria, 22650854V
Maricela blanes marquez, 52996246Z
Celia bello-ca畸as, 70973755X
Elo琦sa del morcillo, 68627407F
Valeria dom汽nech r琦os, 87352610J
칩scar eladio clavero lozano, 29826366N
Elisabet cuesta-guerra, 85173458L
Cruz rosell碁 lastra, 42594704S
Alberto querol navarrete, 20900718C
Palmira ib朞畸ez cort汽s, 75845366Z
Angelina company salvador, 50954862H
Onofre corral, 85935698Q
Feliciana v朞zquez sanabria, 94394343C
Manu higueras mateo, 12958719J
Basilio soriano fonseca, 20402356E
Fernanda jenny francisco bl朞zquez, 42324827C
치ngeles sacrist朞n oliva, 33276724W
Ib朞n macias vi畸as, 17690505D
Efra琦n rodr琦guez olmedo, 67177496Q
Lidia solana-sans, 84224280M
Br琦gida del cano, 70364442J
Aureliano baquero trillo, 69609325D
Br琦gida hernando, 22426750W
Elena llabr汽s-villalonga, 48652411M
Roberto nevado-querol, 47649461Q
Calisto albano casanovas rodr琦guez, 14714969Y
Trinidad esteban vidal barco, 57706454Y
Maximiliano salv旣-ram琦rez, 57369345P
Chus ferrer jimenez, 91563228K
Fidel elpidio casares salda畸a, 62986126M
Dafne montenegro benet, 76561299A
Rafa ribes chamorro, 34679964N
Estrella elorza ayala, 96792625T
Jose ignacio rodrigo d琦az, 79814579W
Valent琦n torrens, 41842739N
Eliana calleja alberdi, 95770836D
Maxi gustavo checa lillo, 32835715H
Adelina mel汽ndez lastra, 24557470W
Rufino rebollo urrutia, 67449084C
Dolores alonso, 28319238M
Mar琦a manuela flor alfonso aller, 74911048W
Tomasa bad琦a-miguel, 54897356J
Dorotea aguirre pomares, 66649460Z
Herminia ugarte godoy, 91004152Y
Emma tamayo moliner, 35003691Z
Urbano palmer manrique, 16861495B
B朞rbara peralta salcedo, 29821550A
Seve de jerez, 98687840S
Reyna ad朞n noguera, 31580098V
Casemiro rodrigo sierra, 44827707V
Fito taboada ruiz, 88700438H
Cirino due畸as vara, 10293420T
치urea tolosa-v汽lez, 78786903N
Mercedes casta畸eda su朞rez, 59581870W
Jose ferr朞n-solera, 15175421K
Claudia del v汽lez, 14465776H
Marino benjam琦n esteve est汽vez, 60321873A
Roc琦o roma lobo, 51379457X
Dorotea toledo lumbreras, 15702954A
Amado diaz tenorio, 14194464Z
Juan manuel castej碁n duran, 36291949L
Isaac gonzalez atienza, 64601105Q
Belen adela pallar氣s prado, 27334568B
Cesar nieto villa, 82986688C
Horacio rom朞n-marin, 92576225Y
Omar de blasco, 64481391V
Aitor benet vidal, 83253784V
L朞zaro su朞rez aliaga, 26276989H
Norberto sarmiento guill汽n, 58936511T
Eloy de pomares, 48575753Y
Agapito pujol mascar碁, 88269575Z
Bautista del alfaro, 82102075X
Octavio villalobos mulet, 45927089E
Amaya bello santos, 71802441Y
Paz angulo moraleda, 97922835J
Liliana pe畸alver casanovas, 52457782A
Ignacia acevedo estrada, 32449313Q
Ricarda lorena armengol madrigal, 73453358Y
치gata y朞畸ez gordillo, 51114401Y
Josu汽 de andrade, 20494034E
Ciriaco del villanueva, 32010876M
Galo olmo berm紀dez, 87507901P
Remigio carreras-bartolom汽, 14055520J
치gueda uriarte riquelme, 45579016P
Paulino castillo huerta, 84931035Q
Rufina manj碁n, 65245364E
Lina vicente miralles, 68845143W
Mariana manrique roman, 33860067L
Luis miguel del duran, 74677868L
Nidia saura herrera, 72872677Y
Amparo carpio calderon, 12666094V
Marco garz碁n men汽ndez, 78454989B
Rom朞n ferr朞n larra畸aga, 80128285B
Ger碁nimo vilalta collado, 22842439N
Carmen tamayo lu琦s, 45383825H
Narciso bello vila, 50625759E
Severino ur琦a, 86620806T
Jessica gual aragon汽s, 57521546H
Toribio escolano bernad, 85935703K
W朞lter hierro, 86777466F
Lucila roberta salcedo bl朞zquez, 12932888B
Bibiana noriega luna, 83500187K
Eleuterio capdevila saura, 95106064Y
Leonor ros c汽spedes, 93640920P
Emiliano tur matas, 81737534L
Magdalena iglesia, 10279144F
Amancio del mas, 19447242Y
Gast碁n herv朞s luz, 22613476Z
Victoriano beltr朞n carre畸o, 53554732Z
Fabiola villalba, 80929339K
Benito cuadrado malo, 91101753H
Dalila ramirez-castej碁n, 34918874K
Mar琦a cristina barranco bermejo, 51491314H
Nacio tejero murcia, 98650481P
Araceli aramburu borja, 80927823T
Ale itziar villegas tudela, 36345059E
Miguela valenciano, 64414254V
Victoria morillo arnal, 30188117L
Flora oliveras manrique, 13994857R
Noelia polo rodrigo, 63760155S
Filomena del plaza, 66672407F
Petrona sola villalobos, 56498912X
Tito heriberto girona toro, 16599223P
Brunilda vendrell-arteaga, 95202358E
Ana bautista, 89296462C
Rafa olmo cobos, 54929998H
Victoria torre bonilla, 31360400S
Roc琦o de galv朞n, 98969814D
Paula ord碁畸ez ib朞畸ez, 84217840M
Cosme domingo landa, 34020774W
Josefa corominas hernando, 81718249P
Saturnina segovia, 93012002W
Casemiro sola trillo, 90721657C
Jer碁nimo peral est汽vez, 10144635W
Joel gargallo cazorla, 49768110C
Herberto peinado navarro, 89250634P
Gabino amador alcal朞, 23298818W
Elba serrano-frutos, 89913812G
Carolina naranjo gabald碁n, 39035605M
Guadalupe valc朞rcel portero, 38526900Z
Olga rodr琦guez quir碁s, 43597506V
M朞ximo ochoa galiano, 96384291P
Azahara mir碁 moreno, 15028612K
Jorge bello ca畸izares, 13966364M
Pastora romero-guerra, 38977356S
Nerea de falc碁n, 42405011A
Sof琦a fajardo vendrell, 88485027W
Pastora checa, 50166562C
Adelia mar琦 carri碁n, 13715456G
Amor del posada, 90734508Z
Blas catal朞n sosa, 86966462N
Chuy beltr朞n, 32696353J
Regina de silva, 61694879R
Jimena verdugo iriarte, 94822275Z
Rosalva sanz landa, 20517891M
Noem琦 caparr碁s alsina, 93294906Y
Ren汽 ayala gomez, 61149483G
Albert alegria-ayll碁n, 49969571R
Fabi朞n delgado vendrell, 90291251J
Filomena daza montalb朞n, 51391043G
Celia mor朞n luna, 29701368L
Sandalio pont espa畸ol, 55974068A
Narcisa duran moya, 38632687R
Rosalinda balaguer-maestre, 88714659W
Leonel pedrero-menendez, 13194108C
Selena carranza conde, 44279304A
Ileana noriega santana, 56116785M
Candelario de montesinos, 89548322F
Mar琦a dolores ortega r碁denas, 75435427G
Melania milla armas, 55323301K
Adelia ruiz vilanova, 17012819H
Evaristo de saura, 15490466N
Nicol朞s escobar narv朞ez, 87292978C
Dami朞n caballero ant紀nez, 52457734R
Alfonso fidel garz碁n quintero, 16580034R
Constanza duarte vald汽s, 17761738B
Modesto infante bar碁n, 36093562F
Candelaria elo琦sa naranjo llorens, 48366244G
Prudencio andres-azorin, 13939823Y
Pepita cerro, 46748238W
Beatriz cuadrado andres, 53743075X
Evelia agudo pe畸as, 74490772M
N汽lida contreras, 45550595S
Primitivo 朞lamo tom汽, 80518923V
Obdulia ja汽n montes, 81339275M
Heriberto sebastian canales grande, 95645776T
Trist朞n aznar-feliu, 55835312Y
Ana bel汽n cobo bauz旣, 42317262E
Marcos heras gallego, 50508047R
Yaiza perera mayoral, 83210937L
Benito ortega, 49228323C
Fidel manrique riera, 71245260T
Teresa del coronado, 84576472K
El琦as del casanova, 57938080E
Nadia alba carranza s朞nchez, 53819947Q
Pili barrag朞n aranda, 47189489K
Vera guill汽n, 37169718Q
Leticia eliana riera herranz, 15014091J
Mar琦a dolores priego botella, 66150188A
Osvaldo echeverr琦a-alberto, 63563092Q
Felisa cu汽llar bello, 78830255D
Rosenda valero rey, 86541023G
Bonifacio de echeverr琦a, 72764320W
Manu sebasti朞n carballo, 30067658B
Haroldo carvajal fuster, 28354120L
Domitila verdugo arce, 42215879T
Ciro calatayud cornejo, 86603585Y
Ana del neira, 47561128A
Jos汽 antonio ferrer benitez, 73517209D
Humberto de f朞bregas, 89761002Y
Efra琦n sevilla ramis, 36802972M
Octavia lastra m汽ndez, 57852884H
Tere serna, 20140593E
Vera del hervia, 40964652L
Aura ferr朞ndez-infante, 75684637D
Gerardo almagro guill汽n, 90262658D
Zaira andr汽s-lled碁, 26290680R
Samu huerta, 92735849X
L朞zaro aragon汽s casado, 64133708W
Ulises bilbao isern, 27150808K
Ruperto g朞lvez tudela, 33945795A
Jose ram碁n 朞lvaro bernat, 85024568P
David macias azorin, 71926800G
Victor manuel novoa ariza, 70661673S
Pepita castrillo rold朞n, 57949674R
Magdalena izaguirre ramirez, 85639731J
Chelo guerrero, 76653858X
Carlota vera corbacho sobrino, 15735501M
Clara jord朞n rodr琦guez, 34946602B
Marcelo ernesto go畸i valc朞rcel, 39901330X
Modesto r琦os-zorrilla, 99235773L
Emilia est汽vez-valent琦n, 85068458Z
Leocadio mayol berrocal, 25032622C
Cirino segovia moreno, 34057255M
Cristian jim汽nez andreu, 19694076G
Rosaura sanchez-vargas, 58024017P
Jose manuel rivero vergara, 50978015X
Tom朞s flor tejedor, 12806824X
Marta mart琦nez, 39584209J
Jose antonio buend琦a ni畸o, 12875267M
Arturo zabaleta-d琦az, 25851731F
Eduardo higueras ballesteros, 41633506X
Rosalina guillen, 26123051L
Graciano tejera molina, 50956923D
Rosenda rius, 24542620X
Viviana ayuso toledo, 60177873Y
Julia gallart-gilabert, 10537081E
Maricruz m朞rmol duran, 89895672B
Y汽ssica crespi osorio, 53672141P
Amaro montserrat cid, 27187270M
Bernarda hernandez pozuelo, 51600366G
Concepci碁n heredia ar汽valo, 22872869J
Haroldo sabater aroca, 59352730B
Aura quero-valero, 21301804D
Ruth sureda, 60386070F
Bonifacio ciriaco jimenez cerezo, 10590018J
Samanta frutos-ojeda, 66331541R
Juan carlos exposito echevarr琦a, 94160845H
Paulino de tom汽, 25887951W
Samu delgado zabaleta, 18822095E
Ariel aguirre galindo, 90578052G
Olalla b朞rcena enr琦quez, 73789263L
Rufino vald汽s pintor, 68579251J
Cristina de paredes, 13931829Q
Jos汽 mari del bar碁n, 12432684B
Ramona garay botella, 93192144P
Apolinar bartolom汽 egea, 92265474P
Chucho arnau cases, 24040357K
Alicia casta畸eda porta, 12902260L
치urea roman cuadrado, 78481640M
Filomena marquez echeverr琦a, 10429676G
Vencesl朞s bonet-lasa, 40183891Q
Anastasio c碁zar vaquero, 59881726F
Natalio arnaiz domingo, 19641390B
Paulina soraya castells pera, 99160440B
Le碁n asenjo losa, 29847647H
Elo琦sa ferreras vicente, 95032164M
Aura del sandoval, 54128064W
Mariana barriga, 67158433C
Carla losada capdevila, 71443566T
Segismundo iglesias beltran, 11950341R
Artemio aristides c汽spedes pozuelo, 97828025D
Leandro de valle, 40820401R
Alejo pastor estrada, 18475788A
Luciano paulino barco guill汽n, 30589767C
Vencesl朞s ribes-herrera, 65485042V
Albina garrido-t汽llez, 26025314D
Josefa b朞rcena camino, 81593410J
Balduino amo-calvet, 98619285T
Valeria fajardo tormo, 94393075V
Natividad soler salmer碁n, 46554554R
Bruno ropero, 10406393C
Porfirio aguilera cu汽llar, 10221833N
Flora barbero, 73176222C
Candela blanco cano, 34698853H
Jose manuel salda畸a cazorla, 71356532K
Diego grau rocha, 20403987C
Quique cardona chaparro, 58939191N
Evangelina montesinos, 16502903N
Mercedes del mateo, 66094603D
Ricardo del carreras, 65425135W
Gervasio herv朞s jover, 92181606K
Lupita romeu, 96451796P
Mar琦a teresa iba畸ez abella, 63363401B
Godofredo espada soria, 81179139H
Mireia de sala, 76554165E
Amor 朞lvarez morell, 16336465W
Chuy benet el琦as, 90183901G
Amando calzada, 21052652Q
Regina de fern朞ndez, 36050329Z
Antonio samper, 42240195M
치frica criado, 47771709L
Vicenta benavides, 59461293Z
Emperatriz lumbreras nebot, 60400653P
Trini pellicer le碁n, 24160885Y
Heliodoro de otero, 10751465T
Rodolfo felix novoa ropero, 79089690G
Dominga aguilera isern, 44817708T
Edmundo orozco bonilla, 16039301K
Leocadio cort汽s gallart, 39887234J
Trini de egea, 88461411F
Constanza arranz escriv朞, 76001655H
Magdalena barral, 56861430W
Guadalupe gras-nogu汽s, 42280497B
Ale baena rojas, 84556656P
Hermenegildo lasa belmonte, 35491572L
Silvestre canales beltr朞n, 52712321R
Florinda nadal vara, 20248057F
Marcial figuerola arag碁n, 45588740A
Victor manuel pareja, 61321718S
Genoveva blanca diego rosado, 78753452A
Edgardo 朞guila amores, 97124560E
Malena ochoa canet, 67844441F
Mar琦a bel汽n ponce paredes, 83171079C
Ceferino del mill朞n, 12126234J
Che camino, 99926326C
Etelvina lucila belmonte aliaga, 11152126R
Javiera herv朞s, 81371095Q
Constanza pi畸a amor, 87551686R
Germ朞n torrijos dom琦nguez, 18039674S
Clotilde de agust琦, 12463145C
Luciano onofre jover exposito, 33603442M
Sandra alberola cabrero, 68796777M
Danilo glauco gargallo cobos, 41451161D
Nicolasa g朞lvez-saura, 17311185M
Adriana quir碁s paredes, 76086228C
Consuela gual mata, 24490511L
Leandra benet l碁pez, 90934406L
Paco ger碁nimo manuel pons, 67938841S
Amparo bermudez alvarez, 27741604Q
In汽s pelayo balaguer, 88986683M
Saturnina mas belda, 88884187C
Catalina tamara t汽llez b朞rcena, 66589885D
Alonso torre d琦az, 59053330W
Ad朞n del vel朞zquez, 15429221Q
Amaya orozco blazquez, 48446729N
Gloria sastre, 63507612N
Fortunato calleja m汽ndez, 21943531J
Renata del cuervo, 93366525A
Prudencia del sastre, 51053072H
Edelmira quir碁s, 27400526M
Pascual ros iba畸ez, 84798768E
Martin de guill汽n, 77123936Z
N汽lida oller, 97625113A
Mar琦a manuela carretero-matas, 97102213P
Sol tello borr朞s, 12167096G
Carmina gil-merino, 16590347X
Reina boada, 40101747M
Domitila de campillo, 44972359E
Narciso izquierdo-benavent, 72610724T
Pablo padilla tapia, 64175604S
Iv朞n barber朞 sanmiguel, 38172673X
Marino c朞ceres guillen, 99536795V
Mar琦a bel汽n dom汽nech salgado, 22102143V
Arturo trujillo suarez, 73915403G
L朞zaro hernandez crespi, 76777918P
Santos iglesia luz, 45593948J
Macarena villena mart琦, 19139216L
Juan luis molins salgado, 27145841E
Rafael haro salazar, 52602966B
Angelita galv朞n-camacho, 63745007R
Matilde bou goicoechea, 12473274Y
Victor manuel pou sanjuan, 94125355V
Irene lu琦s arnau, 49179923N
Mar琦a del carmen m碁nica gabald碁n posada, 78317979N
Jer碁nimo juli朞n corbacho, 88072392X
Nidia donaire artigas, 59795549B
Hip碁lito figuerola benavides, 55523018Y
Maricruz del alegria, 86462320F
Samuel escriv朞 marquez, 66164542M
Martina uribe jurado, 32520664K
Rosa bayona dur朞n, 89017794C
Imelda canet manj碁n, 71903249M
Juli朞n ambrosio nebot huguet, 50459933A
Sof琦a segovia iglesia, 10919040C
Nuria ropero-giner, 35950825P
Juan pablo de garrido, 37524401Q
Elvira torrens, 97970205A
Loreto serafina mora feliu, 35119101X
Angelita eva barreda chamorro, 86713746C
Enrique santana marin, 17783132S
Pl朞cido pla saez, 18987501N
Ligia ferrando rodr琦guez, 45422769T
Palmira urrutia cerd朞n, 93156457V
Melania serra-garay, 33757943S
Marcela abril-piquer, 29830274X
Valerio valls-bola畸os, 34203999D
Tiburcio soria esteve, 70916537Q
Carmina vazquez-larrea, 64873162Y
칤ngrid ugarte caballero, 10440013Z
Reyes asensio acevedo, 13218120C
Leonardo ord碁畸ez, 16901292H
Zoraida pons, 91062353V
Nico azorin espinosa, 11738113V
Quique pag氣s soler, 93021150L
Adora pinilla alcalde, 64937696W
Bel汽n del armas, 80159965C
L朞zaro clemente 朞lvaro, 46757015Q
Iker mayol dur朞n, 78635136E
Tatiana egea estrada, 78875205V
Sof琦a cabeza mata, 75842113G
Adela escolano arellano, 77612649T
Octavia corominas carranza, 44325023K
Azeneth de gallardo, 95307189L
Teresa del costa, 22944026P
Rodolfo poza-mendiz朞bal, 69737767L
Miguel 朞ngel r琦o g碁mez, 69339809F
Omar buenaventura m汽ndez c碁rdoba, 71225998N
Vito palacio caba畸as, 59822445C
Danilo mel汽ndez, 15860982K
Luis 朞ngel raya gal朞n, 18047737M
Claudia bernal grande, 27915195A
M朞xima de llopis, 57780706Z
Carmelo abascal casals, 84119374W
Prudencio palomares, 45822802V
Juan francisco maestre-pintor, 30539869D
Cruz aller blanco, 33220120R
Amalia de atienza, 59758098G
Anita falc碁-agust琦, 11812151H
Manu echeverr琦a ugarte, 26772986C
Glauco hilario jaume gallego, 78606657V
Diana blanch-aller, 79697170P
Faustino moles, 39622684D
Dominga alonso casta畸eda, 26505592R
Chus su朞rez maza, 71613000Q
Chus de benavides, 25084514R
Andr汽s felipe moles fajardo, 55816175M
Tom朞s r琦os, 26473489Y
Vasco amo ruano, 61369680E
Marcio lumbreras aliaga, 53166042R
Prudencio hoz quintero, 70594215Q
Am汽rico peralta villegas, 15484064G
Severo morata losada, 43809467X
Nazaret cantero guti汽rrez, 61939303G
Margarita alondra franch quintana, 25114160T
Maura boix-g朞mez, 44609721W
Nazario carballo tovar, 88422562M
Sebasti朞n tamayo, 43141115S
Perla del tena, 58319791W
Susanita sanabria abella, 65403165C
Ariel rocha carbajo, 31449647E
Maristela grau requena, 75915657V
Cloe redondo, 47595246N
Rebeca de uribe, 49569488A
